Mobile Model,Total Sales
Galaxy A51,50762058.67
Galaxy Note 20,56005282.17
Galaxy S21,53270713.660000004
Mi 11,49590650.56
OnePlus 8T,49378105.27
OnePlus 9,46452743.04
OnePlus Nord,57888590.53
Redmi 9,44690359.79
Redmi Note 10,49472326.48
Vivo S1,45529669.04
Vivo V20,49711091.6
Vivo Y51,54837667.19
iPhone 11,51520221.17
iPhone 12,50523505.28
iPhone SE,59572003.519999996
